{"posicion":{"x":0.25329214334487917,"y":-1.900000810623169,"z":-0.553622841835022},"score":1}