{"posicion":{"x":-1.0241303443908692,"y":-1.9000024795532227,"z":-0.553622841835022},"score":6}